<?xml version="1.0" encoding="utf-8" ?>
<!--  This file represents my DataFormat for the file queue.
      If the pushsubdirs flag is true and a path ends with just a 
      directory it will only push the files found in that current
      directory level nothing beyond that point will be pushed.
-->
<jobqueuelist>
	<profile>
		<profilenumber>1</profilenumber>
		<queue>
			<index>
				<datetime>03 09 2002 17:00</datetime>
				<pushsubdirs>true</pushsubdirs>
				<filesinqueue>
					<sourcepath>D:\CODE\WinSplitter</sourcepath>
					<sourcepath>D:\CODE\port-numbers.txt</sourcepath>
					<sourcepath>\\relay\d$\fm_root\gedcom\Compton.GED</sourcepath>
				</filesinqueue>
			</index>
			<index>
				<datetime>04 09 2002 22:15</datetime>
				<pushsubdirs>false</pushsubdirs>
				<filesinqueue>
					<sourcepath>D:\CODE\splitter\icon1.ico</sourcepath>
					<sourcepath>D:\CODE\splitter\icon2.ico</sourcepath>
					<sourcepath>D:\CODE\splitter\icon3.ico</sourcepath>
					<sourcepath>D:\CODE\splitter\icon4.ico</sourcepath>
				</filesinqueue>
			</index>
		</queue>
	</profile>
	<profile>
		<profilenumber>2</profilenumber>
		<queue>
			<index>
				<datetime>15 09 2002 9:30</datetime>
				<pushsubdirs>false</pushsubdirs>
				<filesinqueue>
					<sourcepath>c:\autoexec.bat</sourcepath>
					<sourcepath>c:\config.sys</sourcepath>
				</filesinqueue>
			</index>
		</queue>
	</profile>
</jobqueuelist>