<?xml version="1.0" encoding="utf-8" ?>
<!-- This file represents my DataFormat for destination profiles.
-->
<profilelist>
   <profile>
      <profilenumber>1</profilenumber>
      <profilename>My Push Profile</profilename>
      <computerordrive>
         <location>\\NetWorkComputer\</location>
         <path>c$\</path>
         <alias>RemoteBox</alias>
      </computerordrive>
      <computerordrive>
         <location>c:\</location>
         <alias>MyOwnBox</alias>
      </computerordrive>
      <computerordrive>
         <location>\\NetWorkComputer2\</location>
         <path>d$\Path\</path>
         <alias>OtherRemoteBox</alias>
      </computerordrive>
   </profile>
   <profile>
      <profilenumber>2</profilenumber>
      <profilename>My Other Push Profile</profilename>
      <computerordrive>
         <location>\\NetworkComputer\</location>
         <path>c$\</path>
         <alias>RemoteBox</alias>
      </computerordrive>
   </profile>
</profilelist>