<?xml version="1.0" encoding="utf-8" ?>
<!-- This file represents my DataFormat for destination profiles.
-->
<profilelist xmlns="http://tempuri.org/Profiles.xsd">
	<profile>
		<profilenumber>1</profilenumber>
		<profilename>My Push Profile</profilename>
		<computerordrive>
			<location>\\relay\</location>
			<path>c$\</path>
			<alias>W2K Server</alias>
		</computerordrive>
		<computerordrive>
			<location>c:\</location>
			<alias>Transtar</alias>
		</computerordrive>
		<computerordrive>
			<location>\\cable\</location>
			<path>d$\public\</path>
			<alias>Bobs Box</alias>
		</computerordrive>
	</profile>
	<profile>
		<profilenumber>2</profilenumber>
		<profilename>My Other Push Profile</profilename>
		<computerordrive>
			<location>\\relay\</location>
			<path>c$\</path>
			<alias>W2K Server</alias>
		</computerordrive>
	</profile>
</profilelist>